{"cameraMode":{"drawMode":0,"name":"Shaded","section":"Shading Mode"},"sceneLighting":false,"audioPlay":false,"sceneViewState":{"m_AlwaysRefresh":false,"showFog":true,"showSkybox":false,"showFlares":true,"showImageEffects":true,"showParticleSystems":true,"showVisualEffectGraphs":true,"m_FxEnabled":true},"in2DMode":false,"pivot":{"x":-5.616203784942627,"y":0.8005456328392029,"z":252.43374633789063},"rotation":{"x":0.22101522982120515,"y":0.7674500942230225,"z":-0.49450838565826418,"w":0.3429911136627197},"size":2.4625823497772219,"orthographic":false}