{"cameraMode":{"drawMode":0,"name":"Shaded","section":"Shading Mode"},"sceneLighting":true,"audioPlay":false,"sceneViewState":{"m_AlwaysRefresh":false,"showFog":true,"showSkybox":true,"showFlares":true,"showImageEffects":true,"showParticleSystems":true,"showVisualEffectGraphs":true,"m_FxEnabled":true},"in2DMode":false,"pivot":{"x":8.869462966918946,"y":-42.8453254699707,"z":23.554401397705079},"rotation":{"x":0.2361936718225479,"y":-0.020404251292347909,"z":0.0049608005210757259,"w":0.9714809060096741},"size":1.1190379858016968,"orthographic":false}